scope,layer,property,value,units,notes,source_reference
shared,blubber,thermal_conductivity_W_mK,0.19,W/(m·K),Whale blubber acts as insulation with minimal blood flow. k≈0.18–0.20 W/m·K is consistent with marine mammal blubber measurements.,See docs/thermoregulation_references.md for URLs and supporting sources.; Marine mammal blubber thermal conductivity measurements (k≈0.18–0.20 W/m·K).; Layered blubber conductivity ranges (~0.12–0.28 W/m·K).; Generic tissue thermal properties used as priors in bioheat models.
shared,blubber,density_kg_m3,950,kg/m³,Whale blubber acts as insulation with minimal blood flow. k≈0.18–0.20 W/m·K is consistent with marine mammal blubber measurements.,See docs/thermoregulation_references.md for URLs and supporting sources.; Marine mammal blubber thermal conductivity measurements (k≈0.18–0.20 W/m·K).; Layered blubber conductivity ranges (~0.12–0.28 W/m·K).; Generic tissue thermal properties used as priors in bioheat models.
shared,blubber,specific_heat_J_kgK,2300,J/(kg·K),Whale blubber acts as insulation with minimal blood flow. k≈0.18–0.20 W/m·K is consistent with marine mammal blubber measurements.,See docs/thermoregulation_references.md for URLs and supporting sources.; Marine mammal blubber thermal conductivity measurements (k≈0.18–0.20 W/m·K).; Layered blubber conductivity ranges (~0.12–0.28 W/m·K).; Generic tissue thermal properties used as priors in bioheat models.
shared,blubber,perfusion_rate_kg_m3s,0.0,kg/(m³·s),Whale blubber acts as insulation with minimal blood flow. k≈0.18–0.20 W/m·K is consistent with marine mammal blubber measurements.,See docs/thermoregulation_references.md for URLs and supporting sources.; Marine mammal blubber thermal conductivity measurements (k≈0.18–0.20 W/m·K).; Layered blubber conductivity ranges (~0.12–0.28 W/m·K).; Generic tissue thermal properties used as priors in bioheat models.
shared,blubber,metabolic_heat_W_m3,0,W/m³,Whale blubber acts as insulation with minimal blood flow. k≈0.18–0.20 W/m·K is consistent with marine mammal blubber measurements.,See docs/thermoregulation_references.md for URLs and supporting sources.; Marine mammal blubber thermal conductivity measurements (k≈0.18–0.20 W/m·K).; Layered blubber conductivity ranges (~0.12–0.28 W/m·K).; Generic tissue thermal properties used as priors in bioheat models.
shared,muscle,thermal_conductivity_W_mK,0.51,W/(m·K),"Skeletal muscle resting perfusion ~0.5 kg/(m³·s), consistent with Pennes forearm value ~3 ml/100ml/min (Wissler 1998). Species config perfusion_scale accounts for CCHE reduction.",See docs/thermoregulation_references.md for URLs and supporting sources.; Marine mammal blubber thermal conductivity measurements (k≈0.18–0.20 W/m·K).; Layered blubber conductivity ranges (~0.12–0.28 W/m·K).; Generic tissue thermal properties used as priors in bioheat models.
shared,muscle,density_kg_m3,1050,kg/m³,"Skeletal muscle resting perfusion ~0.5 kg/(m³·s), consistent with Pennes forearm value ~3 ml/100ml/min (Wissler 1998). Species config perfusion_scale accounts for CCHE reduction.",See docs/thermoregulation_references.md for URLs and supporting sources.; Marine mammal blubber thermal conductivity measurements (k≈0.18–0.20 W/m·K).; Layered blubber conductivity ranges (~0.12–0.28 W/m·K).; Generic tissue thermal properties used as priors in bioheat models.
shared,muscle,specific_heat_J_kgK,3600,J/(kg·K),"Skeletal muscle resting perfusion ~0.5 kg/(m³·s), consistent with Pennes forearm value ~3 ml/100ml/min (Wissler 1998). Species config perfusion_scale accounts for CCHE reduction.",See docs/thermoregulation_references.md for URLs and supporting sources.; Marine mammal blubber thermal conductivity measurements (k≈0.18–0.20 W/m·K).; Layered blubber conductivity ranges (~0.12–0.28 W/m·K).; Generic tissue thermal properties used as priors in bioheat models.
shared,muscle,perfusion_rate_kg_m3s,0.5,kg/(m³·s),"Skeletal muscle resting perfusion ~0.5 kg/(m³·s), consistent with Pennes forearm value ~3 ml/100ml/min (Wissler 1998). Species config perfusion_scale accounts for CCHE reduction.",See docs/thermoregulation_references.md for URLs and supporting sources.; Marine mammal blubber thermal conductivity measurements (k≈0.18–0.20 W/m·K).; Layered blubber conductivity ranges (~0.12–0.28 W/m·K).; Generic tissue thermal properties used as priors in bioheat models.
shared,muscle,metabolic_heat_W_m3,700,W/m³,"Skeletal muscle resting perfusion ~0.5 kg/(m³·s), consistent with Pennes forearm value ~3 ml/100ml/min (Wissler 1998). Species config perfusion_scale accounts for CCHE reduction.",See docs/thermoregulation_references.md for URLs and supporting sources.; Marine mammal blubber thermal conductivity measurements (k≈0.18–0.20 W/m·K).; Layered blubber conductivity ranges (~0.12–0.28 W/m·K).; Generic tissue thermal properties used as priors in bioheat models.
shared,core,thermal_conductivity_W_mK,0.56,W/(m·K),Core organs with high perfusion. Base rate ~0.8 kg/(m³·s) (between resting muscle and well-perfused viscera). Species config perfusion_scale accounts for CCHE reduction.,See docs/thermoregulation_references.md for URLs and supporting sources.; Marine mammal blubber thermal conductivity measurements (k≈0.18–0.20 W/m·K).; Layered blubber conductivity ranges (~0.12–0.28 W/m·K).; Generic tissue thermal properties used as priors in bioheat models.
shared,core,density_kg_m3,1030,kg/m³,Core organs with high perfusion. Base rate ~0.8 kg/(m³·s) (between resting muscle and well-perfused viscera). Species config perfusion_scale accounts for CCHE reduction.,See docs/thermoregulation_references.md for URLs and supporting sources.; Marine mammal blubber thermal conductivity measurements (k≈0.18–0.20 W/m·K).; Layered blubber conductivity ranges (~0.12–0.28 W/m·K).; Generic tissue thermal properties used as priors in bioheat models.
shared,core,specific_heat_J_kgK,4000,J/(kg·K),Core organs with high perfusion. Base rate ~0.8 kg/(m³·s) (between resting muscle and well-perfused viscera). Species config perfusion_scale accounts for CCHE reduction.,See docs/thermoregulation_references.md for URLs and supporting sources.; Marine mammal blubber thermal conductivity measurements (k≈0.18–0.20 W/m·K).; Layered blubber conductivity ranges (~0.12–0.28 W/m·K).; Generic tissue thermal properties used as priors in bioheat models.
shared,core,perfusion_rate_kg_m3s,0.8,kg/(m³·s),Core organs with high perfusion. Base rate ~0.8 kg/(m³·s) (between resting muscle and well-perfused viscera). Species config perfusion_scale accounts for CCHE reduction.,See docs/thermoregulation_references.md for URLs and supporting sources.; Marine mammal blubber thermal conductivity measurements (k≈0.18–0.20 W/m·K).; Layered blubber conductivity ranges (~0.12–0.28 W/m·K).; Generic tissue thermal properties used as priors in bioheat models.
shared,core,metabolic_heat_W_m3,3000,W/m³,Core organs with high perfusion. Base rate ~0.8 kg/(m³·s) (between resting muscle and well-perfused viscera). Species config perfusion_scale accounts for CCHE reduction.,See docs/thermoregulation_references.md for URLs and supporting sources.; Marine mammal blubber thermal conductivity measurements (k≈0.18–0.20 W/m·K).; Layered blubber conductivity ranges (~0.12–0.28 W/m·K).; Generic tissue thermal properties used as priors in bioheat models.
shared,core,blood_temp_C,36.8,°C,Core organs with high perfusion. Base rate ~0.8 kg/(m³·s) (between resting muscle and well-perfused viscera). Species config perfusion_scale accounts for CCHE reduction.,See docs/thermoregulation_references.md for URLs and supporting sources.; Marine mammal blubber thermal conductivity measurements (k≈0.18–0.20 W/m·K).; Layered blubber conductivity ranges (~0.12–0.28 W/m·K).; Generic tissue thermal properties used as priors in bioheat models.
blue_whale,blubber,thermal_conductivity_W_mK,0.22,W/(m-K),"Blue whale blubber k=0.22 W/m-K based on Kvadsheim et al. (1996) measurement of 0.25 W/m-K for minke whale (also rorqual family). Earlier estimates of 0.19-0.20 underestimated heat loss. Blue whales have 5-30 cm blubber, thinner than right/bowhead whales due to streamlined rorqual body plan.","Kvadsheim PH, Folkow LP, Blix AS (1996). Thermal conductivity of minke whale blubber. J Therm Biol 21:123-128. DOI: 10.1016/0306-4565(95)00034-8; Blawas AM et al. (2025). Life in the slowest lane: Feeding allometry lowers metabolic rate scaling in the largest whales. Science Advances. DOI: 10.1126/sciadv.adw2232; Lavigne DM, Innes S, Worthy GAJ (1990). Lower critical temperatures of blue whales. J Theor Biol 144:249-257.; Parry DA (1949). The structure of whale blubber (blue and fin whales). Q J Microsc Sci 90:13-25.; Kanwisher J, Sundnes G (1966). Thermal regulation in Cetacea. In: Whales, dolphins, and porpoises. UC Press, pp 397-407.; See docs/blue_whale_references.md for full citation list."
blue_whale,blubber,density_kg_m3,950,kg/m3,"Blue whale blubber k=0.22 W/m-K based on Kvadsheim et al. (1996) measurement of 0.25 W/m-K for minke whale (also rorqual family). Earlier estimates of 0.19-0.20 underestimated heat loss. Blue whales have 5-30 cm blubber, thinner than right/bowhead whales due to streamlined rorqual body plan.","Kvadsheim PH, Folkow LP, Blix AS (1996). Thermal conductivity of minke whale blubber. J Therm Biol 21:123-128. DOI: 10.1016/0306-4565(95)00034-8; Blawas AM et al. (2025). Life in the slowest lane: Feeding allometry lowers metabolic rate scaling in the largest whales. Science Advances. DOI: 10.1126/sciadv.adw2232; Lavigne DM, Innes S, Worthy GAJ (1990). Lower critical temperatures of blue whales. J Theor Biol 144:249-257.; Parry DA (1949). The structure of whale blubber (blue and fin whales). Q J Microsc Sci 90:13-25.; Kanwisher J, Sundnes G (1966). Thermal regulation in Cetacea. In: Whales, dolphins, and porpoises. UC Press, pp 397-407.; See docs/blue_whale_references.md for full citation list."
blue_whale,blubber,specific_heat_J_kgK,2300,J/(kg-K),"Blue whale blubber k=0.22 W/m-K based on Kvadsheim et al. (1996) measurement of 0.25 W/m-K for minke whale (also rorqual family). Earlier estimates of 0.19-0.20 underestimated heat loss. Blue whales have 5-30 cm blubber, thinner than right/bowhead whales due to streamlined rorqual body plan.","Kvadsheim PH, Folkow LP, Blix AS (1996). Thermal conductivity of minke whale blubber. J Therm Biol 21:123-128. DOI: 10.1016/0306-4565(95)00034-8; Blawas AM et al. (2025). Life in the slowest lane: Feeding allometry lowers metabolic rate scaling in the largest whales. Science Advances. DOI: 10.1126/sciadv.adw2232; Lavigne DM, Innes S, Worthy GAJ (1990). Lower critical temperatures of blue whales. J Theor Biol 144:249-257.; Parry DA (1949). The structure of whale blubber (blue and fin whales). Q J Microsc Sci 90:13-25.; Kanwisher J, Sundnes G (1966). Thermal regulation in Cetacea. In: Whales, dolphins, and porpoises. UC Press, pp 397-407.; See docs/blue_whale_references.md for full citation list."
blue_whale,blubber,perfusion_rate_kg_m3s,0.0,kg/(m3-s),"Blue whale blubber k=0.22 W/m-K based on Kvadsheim et al. (1996) measurement of 0.25 W/m-K for minke whale (also rorqual family). Earlier estimates of 0.19-0.20 underestimated heat loss. Blue whales have 5-30 cm blubber, thinner than right/bowhead whales due to streamlined rorqual body plan.","Kvadsheim PH, Folkow LP, Blix AS (1996). Thermal conductivity of minke whale blubber. J Therm Biol 21:123-128. DOI: 10.1016/0306-4565(95)00034-8; Blawas AM et al. (2025). Life in the slowest lane: Feeding allometry lowers metabolic rate scaling in the largest whales. Science Advances. DOI: 10.1126/sciadv.adw2232; Lavigne DM, Innes S, Worthy GAJ (1990). Lower critical temperatures of blue whales. J Theor Biol 144:249-257.; Parry DA (1949). The structure of whale blubber (blue and fin whales). Q J Microsc Sci 90:13-25.; Kanwisher J, Sundnes G (1966). Thermal regulation in Cetacea. In: Whales, dolphins, and porpoises. UC Press, pp 397-407.; See docs/blue_whale_references.md for full citation list."
blue_whale,blubber,metabolic_heat_W_m3,0,W/m3,"Blue whale blubber k=0.22 W/m-K based on Kvadsheim et al. (1996) measurement of 0.25 W/m-K for minke whale (also rorqual family). Earlier estimates of 0.19-0.20 underestimated heat loss. Blue whales have 5-30 cm blubber, thinner than right/bowhead whales due to streamlined rorqual body plan.","Kvadsheim PH, Folkow LP, Blix AS (1996). Thermal conductivity of minke whale blubber. J Therm Biol 21:123-128. DOI: 10.1016/0306-4565(95)00034-8; Blawas AM et al. (2025). Life in the slowest lane: Feeding allometry lowers metabolic rate scaling in the largest whales. Science Advances. DOI: 10.1126/sciadv.adw2232; Lavigne DM, Innes S, Worthy GAJ (1990). Lower critical temperatures of blue whales. J Theor Biol 144:249-257.; Parry DA (1949). The structure of whale blubber (blue and fin whales). Q J Microsc Sci 90:13-25.; Kanwisher J, Sundnes G (1966). Thermal regulation in Cetacea. In: Whales, dolphins, and porpoises. UC Press, pp 397-407.; See docs/blue_whale_references.md for full citation list."
blue_whale,muscle,thermal_conductivity_W_mK,0.51,W/(m-K),"Skeletal muscle. Slightly lower metabolic heat - large rorqual FMRs are less than half predicted from smaller mammals (Blawas et al. 2025, Science Advances).","Kvadsheim PH, Folkow LP, Blix AS (1996). Thermal conductivity of minke whale blubber. J Therm Biol 21:123-128. DOI: 10.1016/0306-4565(95)00034-8; Blawas AM et al. (2025). Life in the slowest lane: Feeding allometry lowers metabolic rate scaling in the largest whales. Science Advances. DOI: 10.1126/sciadv.adw2232; Lavigne DM, Innes S, Worthy GAJ (1990). Lower critical temperatures of blue whales. J Theor Biol 144:249-257.; Parry DA (1949). The structure of whale blubber (blue and fin whales). Q J Microsc Sci 90:13-25.; Kanwisher J, Sundnes G (1966). Thermal regulation in Cetacea. In: Whales, dolphins, and porpoises. UC Press, pp 397-407.; See docs/blue_whale_references.md for full citation list."
blue_whale,muscle,density_kg_m3,1050,kg/m3,"Skeletal muscle. Slightly lower metabolic heat - large rorqual FMRs are less than half predicted from smaller mammals (Blawas et al. 2025, Science Advances).","Kvadsheim PH, Folkow LP, Blix AS (1996). Thermal conductivity of minke whale blubber. J Therm Biol 21:123-128. DOI: 10.1016/0306-4565(95)00034-8; Blawas AM et al. (2025). Life in the slowest lane: Feeding allometry lowers metabolic rate scaling in the largest whales. Science Advances. DOI: 10.1126/sciadv.adw2232; Lavigne DM, Innes S, Worthy GAJ (1990). Lower critical temperatures of blue whales. J Theor Biol 144:249-257.; Parry DA (1949). The structure of whale blubber (blue and fin whales). Q J Microsc Sci 90:13-25.; Kanwisher J, Sundnes G (1966). Thermal regulation in Cetacea. In: Whales, dolphins, and porpoises. UC Press, pp 397-407.; See docs/blue_whale_references.md for full citation list."
blue_whale,muscle,specific_heat_J_kgK,3600,J/(kg-K),"Skeletal muscle. Slightly lower metabolic heat - large rorqual FMRs are less than half predicted from smaller mammals (Blawas et al. 2025, Science Advances).","Kvadsheim PH, Folkow LP, Blix AS (1996). Thermal conductivity of minke whale blubber. J Therm Biol 21:123-128. DOI: 10.1016/0306-4565(95)00034-8; Blawas AM et al. (2025). Life in the slowest lane: Feeding allometry lowers metabolic rate scaling in the largest whales. Science Advances. DOI: 10.1126/sciadv.adw2232; Lavigne DM, Innes S, Worthy GAJ (1990). Lower critical temperatures of blue whales. J Theor Biol 144:249-257.; Parry DA (1949). The structure of whale blubber (blue and fin whales). Q J Microsc Sci 90:13-25.; Kanwisher J, Sundnes G (1966). Thermal regulation in Cetacea. In: Whales, dolphins, and porpoises. UC Press, pp 397-407.; See docs/blue_whale_references.md for full citation list."
blue_whale,muscle,perfusion_rate_kg_m3s,0.5,kg/(m3-s),"Skeletal muscle. Slightly lower metabolic heat - large rorqual FMRs are less than half predicted from smaller mammals (Blawas et al. 2025, Science Advances).","Kvadsheim PH, Folkow LP, Blix AS (1996). Thermal conductivity of minke whale blubber. J Therm Biol 21:123-128. DOI: 10.1016/0306-4565(95)00034-8; Blawas AM et al. (2025). Life in the slowest lane: Feeding allometry lowers metabolic rate scaling in the largest whales. Science Advances. DOI: 10.1126/sciadv.adw2232; Lavigne DM, Innes S, Worthy GAJ (1990). Lower critical temperatures of blue whales. J Theor Biol 144:249-257.; Parry DA (1949). The structure of whale blubber (blue and fin whales). Q J Microsc Sci 90:13-25.; Kanwisher J, Sundnes G (1966). Thermal regulation in Cetacea. In: Whales, dolphins, and porpoises. UC Press, pp 397-407.; See docs/blue_whale_references.md for full citation list."
blue_whale,muscle,metabolic_heat_W_m3,650,W/m3,"Skeletal muscle. Slightly lower metabolic heat - large rorqual FMRs are less than half predicted from smaller mammals (Blawas et al. 2025, Science Advances).","Kvadsheim PH, Folkow LP, Blix AS (1996). Thermal conductivity of minke whale blubber. J Therm Biol 21:123-128. DOI: 10.1016/0306-4565(95)00034-8; Blawas AM et al. (2025). Life in the slowest lane: Feeding allometry lowers metabolic rate scaling in the largest whales. Science Advances. DOI: 10.1126/sciadv.adw2232; Lavigne DM, Innes S, Worthy GAJ (1990). Lower critical temperatures of blue whales. J Theor Biol 144:249-257.; Parry DA (1949). The structure of whale blubber (blue and fin whales). Q J Microsc Sci 90:13-25.; Kanwisher J, Sundnes G (1966). Thermal regulation in Cetacea. In: Whales, dolphins, and porpoises. UC Press, pp 397-407.; See docs/blue_whale_references.md for full citation list."
blue_whale,core,thermal_conductivity_W_mK,0.56,W/(m-K),Core organs. Blue whale core temperature 36.7C within baleen whale range of 36.6-37.2C (SeaWorld; Kanwisher & Sundnes 1966). Lower metabolic heat reflects reduced thermoregulatory costs at large body size.,"Kvadsheim PH, Folkow LP, Blix AS (1996). Thermal conductivity of minke whale blubber. J Therm Biol 21:123-128. DOI: 10.1016/0306-4565(95)00034-8; Blawas AM et al. (2025). Life in the slowest lane: Feeding allometry lowers metabolic rate scaling in the largest whales. Science Advances. DOI: 10.1126/sciadv.adw2232; Lavigne DM, Innes S, Worthy GAJ (1990). Lower critical temperatures of blue whales. J Theor Biol 144:249-257.; Parry DA (1949). The structure of whale blubber (blue and fin whales). Q J Microsc Sci 90:13-25.; Kanwisher J, Sundnes G (1966). Thermal regulation in Cetacea. In: Whales, dolphins, and porpoises. UC Press, pp 397-407.; See docs/blue_whale_references.md for full citation list."
blue_whale,core,density_kg_m3,1030,kg/m3,Core organs. Blue whale core temperature 36.7C within baleen whale range of 36.6-37.2C (SeaWorld; Kanwisher & Sundnes 1966). Lower metabolic heat reflects reduced thermoregulatory costs at large body size.,"Kvadsheim PH, Folkow LP, Blix AS (1996). Thermal conductivity of minke whale blubber. J Therm Biol 21:123-128. DOI: 10.1016/0306-4565(95)00034-8; Blawas AM et al. (2025). Life in the slowest lane: Feeding allometry lowers metabolic rate scaling in the largest whales. Science Advances. DOI: 10.1126/sciadv.adw2232; Lavigne DM, Innes S, Worthy GAJ (1990). Lower critical temperatures of blue whales. J Theor Biol 144:249-257.; Parry DA (1949). The structure of whale blubber (blue and fin whales). Q J Microsc Sci 90:13-25.; Kanwisher J, Sundnes G (1966). Thermal regulation in Cetacea. In: Whales, dolphins, and porpoises. UC Press, pp 397-407.; See docs/blue_whale_references.md for full citation list."
blue_whale,core,specific_heat_J_kgK,4000,J/(kg-K),Core organs. Blue whale core temperature 36.7C within baleen whale range of 36.6-37.2C (SeaWorld; Kanwisher & Sundnes 1966). Lower metabolic heat reflects reduced thermoregulatory costs at large body size.,"Kvadsheim PH, Folkow LP, Blix AS (1996). Thermal conductivity of minke whale blubber. J Therm Biol 21:123-128. DOI: 10.1016/0306-4565(95)00034-8; Blawas AM et al. (2025). Life in the slowest lane: Feeding allometry lowers metabolic rate scaling in the largest whales. Science Advances. DOI: 10.1126/sciadv.adw2232; Lavigne DM, Innes S, Worthy GAJ (1990). Lower critical temperatures of blue whales. J Theor Biol 144:249-257.; Parry DA (1949). The structure of whale blubber (blue and fin whales). Q J Microsc Sci 90:13-25.; Kanwisher J, Sundnes G (1966). Thermal regulation in Cetacea. In: Whales, dolphins, and porpoises. UC Press, pp 397-407.; See docs/blue_whale_references.md for full citation list."
blue_whale,core,perfusion_rate_kg_m3s,0.8,kg/(m3-s),Core organs. Blue whale core temperature 36.7C within baleen whale range of 36.6-37.2C (SeaWorld; Kanwisher & Sundnes 1966). Lower metabolic heat reflects reduced thermoregulatory costs at large body size.,"Kvadsheim PH, Folkow LP, Blix AS (1996). Thermal conductivity of minke whale blubber. J Therm Biol 21:123-128. DOI: 10.1016/0306-4565(95)00034-8; Blawas AM et al. (2025). Life in the slowest lane: Feeding allometry lowers metabolic rate scaling in the largest whales. Science Advances. DOI: 10.1126/sciadv.adw2232; Lavigne DM, Innes S, Worthy GAJ (1990). Lower critical temperatures of blue whales. J Theor Biol 144:249-257.; Parry DA (1949). The structure of whale blubber (blue and fin whales). Q J Microsc Sci 90:13-25.; Kanwisher J, Sundnes G (1966). Thermal regulation in Cetacea. In: Whales, dolphins, and porpoises. UC Press, pp 397-407.; See docs/blue_whale_references.md for full citation list."
blue_whale,core,metabolic_heat_W_m3,2800,W/m3,Core organs. Blue whale core temperature 36.7C within baleen whale range of 36.6-37.2C (SeaWorld; Kanwisher & Sundnes 1966). Lower metabolic heat reflects reduced thermoregulatory costs at large body size.,"Kvadsheim PH, Folkow LP, Blix AS (1996). Thermal conductivity of minke whale blubber. J Therm Biol 21:123-128. DOI: 10.1016/0306-4565(95)00034-8; Blawas AM et al. (2025). Life in the slowest lane: Feeding allometry lowers metabolic rate scaling in the largest whales. Science Advances. DOI: 10.1126/sciadv.adw2232; Lavigne DM, Innes S, Worthy GAJ (1990). Lower critical temperatures of blue whales. J Theor Biol 144:249-257.; Parry DA (1949). The structure of whale blubber (blue and fin whales). Q J Microsc Sci 90:13-25.; Kanwisher J, Sundnes G (1966). Thermal regulation in Cetacea. In: Whales, dolphins, and porpoises. UC Press, pp 397-407.; See docs/blue_whale_references.md for full citation list."
blue_whale,core,blood_temp_C,36.7,C,Core organs. Blue whale core temperature 36.7C within baleen whale range of 36.6-37.2C (SeaWorld; Kanwisher & Sundnes 1966). Lower metabolic heat reflects reduced thermoregulatory costs at large body size.,"Kvadsheim PH, Folkow LP, Blix AS (1996). Thermal conductivity of minke whale blubber. J Therm Biol 21:123-128. DOI: 10.1016/0306-4565(95)00034-8; Blawas AM et al. (2025). Life in the slowest lane: Feeding allometry lowers metabolic rate scaling in the largest whales. Science Advances. DOI: 10.1126/sciadv.adw2232; Lavigne DM, Innes S, Worthy GAJ (1990). Lower critical temperatures of blue whales. J Theor Biol 144:249-257.; Parry DA (1949). The structure of whale blubber (blue and fin whales). Q J Microsc Sci 90:13-25.; Kanwisher J, Sundnes G (1966). Thermal regulation in Cetacea. In: Whales, dolphins, and porpoises. UC Press, pp 397-407.; See docs/blue_whale_references.md for full citation list."
bowhead,blubber,thermal_conductivity_W_mK,0.23,W/(m-K),Bowhead blubber conductivity reported ~0.23 W/m-K (North Slope Borough). Resting subcutaneous adipose perfusion ~1.0-1.3 ml/100g/min (human studies; see docs/bowhead_references.md) converted to ~0.18-0.23 kg/(m3·s); use 0.23 as proxy for blubber baseline. Species perfusion_scale models countercurrent heat exchange.,North Slope Borough. Bowhead whale energetics and temperature regulation. Blubber conductivity 0.23 W/m-K; deep body temperature ~33.8 C.; Parry DA (1949). The structure of whale blubber. Q J Microsc Sci 90:13-25.; Muller et al. (2014). Circulation. Resting subcutaneous adipose blood flow ~1.3 ± 0.6 ml/100g/min.; Andersson et al. (2002). International Journal of Obesity. Resting adipose blood flow ~1.0 ± 0.3 ml/100g/min.; See docs/bowhead_references.md for full citation list.
bowhead,blubber,density_kg_m3,940,kg/m3,Bowhead blubber conductivity reported ~0.23 W/m-K (North Slope Borough). Resting subcutaneous adipose perfusion ~1.0-1.3 ml/100g/min (human studies; see docs/bowhead_references.md) converted to ~0.18-0.23 kg/(m3·s); use 0.23 as proxy for blubber baseline. Species perfusion_scale models countercurrent heat exchange.,North Slope Borough. Bowhead whale energetics and temperature regulation. Blubber conductivity 0.23 W/m-K; deep body temperature ~33.8 C.; Parry DA (1949). The structure of whale blubber. Q J Microsc Sci 90:13-25.; Muller et al. (2014). Circulation. Resting subcutaneous adipose blood flow ~1.3 ± 0.6 ml/100g/min.; Andersson et al. (2002). International Journal of Obesity. Resting adipose blood flow ~1.0 ± 0.3 ml/100g/min.; See docs/bowhead_references.md for full citation list.
bowhead,blubber,specific_heat_J_kgK,2350,J/(kg-K),Bowhead blubber conductivity reported ~0.23 W/m-K (North Slope Borough). Resting subcutaneous adipose perfusion ~1.0-1.3 ml/100g/min (human studies; see docs/bowhead_references.md) converted to ~0.18-0.23 kg/(m3·s); use 0.23 as proxy for blubber baseline. Species perfusion_scale models countercurrent heat exchange.,North Slope Borough. Bowhead whale energetics and temperature regulation. Blubber conductivity 0.23 W/m-K; deep body temperature ~33.8 C.; Parry DA (1949). The structure of whale blubber. Q J Microsc Sci 90:13-25.; Muller et al. (2014). Circulation. Resting subcutaneous adipose blood flow ~1.3 ± 0.6 ml/100g/min.; Andersson et al. (2002). International Journal of Obesity. Resting adipose blood flow ~1.0 ± 0.3 ml/100g/min.; See docs/bowhead_references.md for full citation list.
bowhead,blubber,perfusion_rate_kg_m3s,0.23,kg/(m3-s),Bowhead blubber conductivity reported ~0.23 W/m-K (North Slope Borough). Resting subcutaneous adipose perfusion ~1.0-1.3 ml/100g/min (human studies; see docs/bowhead_references.md) converted to ~0.18-0.23 kg/(m3·s); use 0.23 as proxy for blubber baseline. Species perfusion_scale models countercurrent heat exchange.,North Slope Borough. Bowhead whale energetics and temperature regulation. Blubber conductivity 0.23 W/m-K; deep body temperature ~33.8 C.; Parry DA (1949). The structure of whale blubber. Q J Microsc Sci 90:13-25.; Muller et al. (2014). Circulation. Resting subcutaneous adipose blood flow ~1.3 ± 0.6 ml/100g/min.; Andersson et al. (2002). International Journal of Obesity. Resting adipose blood flow ~1.0 ± 0.3 ml/100g/min.; See docs/bowhead_references.md for full citation list.
bowhead,blubber,metabolic_heat_W_m3,0,W/m3,Bowhead blubber conductivity reported ~0.23 W/m-K (North Slope Borough). Resting subcutaneous adipose perfusion ~1.0-1.3 ml/100g/min (human studies; see docs/bowhead_references.md) converted to ~0.18-0.23 kg/(m3·s); use 0.23 as proxy for blubber baseline. Species perfusion_scale models countercurrent heat exchange.,North Slope Borough. Bowhead whale energetics and temperature regulation. Blubber conductivity 0.23 W/m-K; deep body temperature ~33.8 C.; Parry DA (1949). The structure of whale blubber. Q J Microsc Sci 90:13-25.; Muller et al. (2014). Circulation. Resting subcutaneous adipose blood flow ~1.3 ± 0.6 ml/100g/min.; Andersson et al. (2002). International Journal of Obesity. Resting adipose blood flow ~1.0 ± 0.3 ml/100g/min.; See docs/bowhead_references.md for full citation list.
bowhead,muscle,thermal_conductivity_W_mK,0.51,W/(m-K),Skeletal muscle. Slightly higher metabolic heat for cold-adapted species.,North Slope Borough. Bowhead whale energetics and temperature regulation. Blubber conductivity 0.23 W/m-K; deep body temperature ~33.8 C.; Parry DA (1949). The structure of whale blubber. Q J Microsc Sci 90:13-25.; Muller et al. (2014). Circulation. Resting subcutaneous adipose blood flow ~1.3 ± 0.6 ml/100g/min.; Andersson et al. (2002). International Journal of Obesity. Resting adipose blood flow ~1.0 ± 0.3 ml/100g/min.; See docs/bowhead_references.md for full citation list.
bowhead,muscle,density_kg_m3,1050,kg/m3,Skeletal muscle. Slightly higher metabolic heat for cold-adapted species.,North Slope Borough. Bowhead whale energetics and temperature regulation. Blubber conductivity 0.23 W/m-K; deep body temperature ~33.8 C.; Parry DA (1949). The structure of whale blubber. Q J Microsc Sci 90:13-25.; Muller et al. (2014). Circulation. Resting subcutaneous adipose blood flow ~1.3 ± 0.6 ml/100g/min.; Andersson et al. (2002). International Journal of Obesity. Resting adipose blood flow ~1.0 ± 0.3 ml/100g/min.; See docs/bowhead_references.md for full citation list.
bowhead,muscle,specific_heat_J_kgK,3600,J/(kg-K),Skeletal muscle. Slightly higher metabolic heat for cold-adapted species.,North Slope Borough. Bowhead whale energetics and temperature regulation. Blubber conductivity 0.23 W/m-K; deep body temperature ~33.8 C.; Parry DA (1949). The structure of whale blubber. Q J Microsc Sci 90:13-25.; Muller et al. (2014). Circulation. Resting subcutaneous adipose blood flow ~1.3 ± 0.6 ml/100g/min.; Andersson et al. (2002). International Journal of Obesity. Resting adipose blood flow ~1.0 ± 0.3 ml/100g/min.; See docs/bowhead_references.md for full citation list.
bowhead,muscle,perfusion_rate_kg_m3s,0.5,kg/(m3-s),Skeletal muscle. Slightly higher metabolic heat for cold-adapted species.,North Slope Borough. Bowhead whale energetics and temperature regulation. Blubber conductivity 0.23 W/m-K; deep body temperature ~33.8 C.; Parry DA (1949). The structure of whale blubber. Q J Microsc Sci 90:13-25.; Muller et al. (2014). Circulation. Resting subcutaneous adipose blood flow ~1.3 ± 0.6 ml/100g/min.; Andersson et al. (2002). International Journal of Obesity. Resting adipose blood flow ~1.0 ± 0.3 ml/100g/min.; See docs/bowhead_references.md for full citation list.
bowhead,muscle,metabolic_heat_W_m3,750,W/m3,Skeletal muscle. Slightly higher metabolic heat for cold-adapted species.,North Slope Borough. Bowhead whale energetics and temperature regulation. Blubber conductivity 0.23 W/m-K; deep body temperature ~33.8 C.; Parry DA (1949). The structure of whale blubber. Q J Microsc Sci 90:13-25.; Muller et al. (2014). Circulation. Resting subcutaneous adipose blood flow ~1.3 ± 0.6 ml/100g/min.; Andersson et al. (2002). International Journal of Obesity. Resting adipose blood flow ~1.0 ± 0.3 ml/100g/min.; See docs/bowhead_references.md for full citation list.
bowhead,core,thermal_conductivity_W_mK,0.56,W/(m-K),Core organs. Bowhead deep body temperature reported ~33.8 C (NSB).,North Slope Borough. Bowhead whale energetics and temperature regulation. Blubber conductivity 0.23 W/m-K; deep body temperature ~33.8 C.; Parry DA (1949). The structure of whale blubber. Q J Microsc Sci 90:13-25.; Muller et al. (2014). Circulation. Resting subcutaneous adipose blood flow ~1.3 ± 0.6 ml/100g/min.; Andersson et al. (2002). International Journal of Obesity. Resting adipose blood flow ~1.0 ± 0.3 ml/100g/min.; See docs/bowhead_references.md for full citation list.
bowhead,core,density_kg_m3,1030,kg/m3,Core organs. Bowhead deep body temperature reported ~33.8 C (NSB).,North Slope Borough. Bowhead whale energetics and temperature regulation. Blubber conductivity 0.23 W/m-K; deep body temperature ~33.8 C.; Parry DA (1949). The structure of whale blubber. Q J Microsc Sci 90:13-25.; Muller et al. (2014). Circulation. Resting subcutaneous adipose blood flow ~1.3 ± 0.6 ml/100g/min.; Andersson et al. (2002). International Journal of Obesity. Resting adipose blood flow ~1.0 ± 0.3 ml/100g/min.; See docs/bowhead_references.md for full citation list.
bowhead,core,specific_heat_J_kgK,4000,J/(kg-K),Core organs. Bowhead deep body temperature reported ~33.8 C (NSB).,North Slope Borough. Bowhead whale energetics and temperature regulation. Blubber conductivity 0.23 W/m-K; deep body temperature ~33.8 C.; Parry DA (1949). The structure of whale blubber. Q J Microsc Sci 90:13-25.; Muller et al. (2014). Circulation. Resting subcutaneous adipose blood flow ~1.3 ± 0.6 ml/100g/min.; Andersson et al. (2002). International Journal of Obesity. Resting adipose blood flow ~1.0 ± 0.3 ml/100g/min.; See docs/bowhead_references.md for full citation list.
bowhead,core,perfusion_rate_kg_m3s,0.8,kg/(m3-s),Core organs. Bowhead deep body temperature reported ~33.8 C (NSB).,North Slope Borough. Bowhead whale energetics and temperature regulation. Blubber conductivity 0.23 W/m-K; deep body temperature ~33.8 C.; Parry DA (1949). The structure of whale blubber. Q J Microsc Sci 90:13-25.; Muller et al. (2014). Circulation. Resting subcutaneous adipose blood flow ~1.3 ± 0.6 ml/100g/min.; Andersson et al. (2002). International Journal of Obesity. Resting adipose blood flow ~1.0 ± 0.3 ml/100g/min.; See docs/bowhead_references.md for full citation list.
bowhead,core,metabolic_heat_W_m3,3200,W/m3,Core organs. Bowhead deep body temperature reported ~33.8 C (NSB).,North Slope Borough. Bowhead whale energetics and temperature regulation. Blubber conductivity 0.23 W/m-K; deep body temperature ~33.8 C.; Parry DA (1949). The structure of whale blubber. Q J Microsc Sci 90:13-25.; Muller et al. (2014). Circulation. Resting subcutaneous adipose blood flow ~1.3 ± 0.6 ml/100g/min.; Andersson et al. (2002). International Journal of Obesity. Resting adipose blood flow ~1.0 ± 0.3 ml/100g/min.; See docs/bowhead_references.md for full citation list.
bowhead,core,blood_temp_C,33.8,C,Core organs. Bowhead deep body temperature reported ~33.8 C (NSB).,North Slope Borough. Bowhead whale energetics and temperature regulation. Blubber conductivity 0.23 W/m-K; deep body temperature ~33.8 C.; Parry DA (1949). The structure of whale blubber. Q J Microsc Sci 90:13-25.; Muller et al. (2014). Circulation. Resting subcutaneous adipose blood flow ~1.3 ± 0.6 ml/100g/min.; Andersson et al. (2002). International Journal of Obesity. Resting adipose blood flow ~1.0 ± 0.3 ml/100g/min.; See docs/bowhead_references.md for full citation list.
humpback,blubber,thermal_conductivity_W_mK,0.19,W/(m-K),Humpback blubber k=0.19 W/m-K based on marine mammal blubber measurements (Kvadsheim et al. 1996). Blubber acts as insulation with minimal blood flow.,"Kvadsheim PH, Folkow LP, Blix AS (1996). Thermal conductivity of minke whale blubber. J Therm Biol 21:123-128.; Parry DA (1949). The structure of whale blubber. Q J Microsc Sci 90:13-25.; Worthy GAJ, Edwards EF (1990). Morphometric and biochemical factors affecting heat loss in cetaceans. Physiol Zool 63:432-442.; See docs/literature_review.md for full citation list."
humpback,blubber,density_kg_m3,950,kg/m3,Humpback blubber k=0.19 W/m-K based on marine mammal blubber measurements (Kvadsheim et al. 1996). Blubber acts as insulation with minimal blood flow.,"Kvadsheim PH, Folkow LP, Blix AS (1996). Thermal conductivity of minke whale blubber. J Therm Biol 21:123-128.; Parry DA (1949). The structure of whale blubber. Q J Microsc Sci 90:13-25.; Worthy GAJ, Edwards EF (1990). Morphometric and biochemical factors affecting heat loss in cetaceans. Physiol Zool 63:432-442.; See docs/literature_review.md for full citation list."
humpback,blubber,specific_heat_J_kgK,2300,J/(kg-K),Humpback blubber k=0.19 W/m-K based on marine mammal blubber measurements (Kvadsheim et al. 1996). Blubber acts as insulation with minimal blood flow.,"Kvadsheim PH, Folkow LP, Blix AS (1996). Thermal conductivity of minke whale blubber. J Therm Biol 21:123-128.; Parry DA (1949). The structure of whale blubber. Q J Microsc Sci 90:13-25.; Worthy GAJ, Edwards EF (1990). Morphometric and biochemical factors affecting heat loss in cetaceans. Physiol Zool 63:432-442.; See docs/literature_review.md for full citation list."
humpback,blubber,perfusion_rate_kg_m3s,0.0,kg/(m3-s),Humpback blubber k=0.19 W/m-K based on marine mammal blubber measurements (Kvadsheim et al. 1996). Blubber acts as insulation with minimal blood flow.,"Kvadsheim PH, Folkow LP, Blix AS (1996). Thermal conductivity of minke whale blubber. J Therm Biol 21:123-128.; Parry DA (1949). The structure of whale blubber. Q J Microsc Sci 90:13-25.; Worthy GAJ, Edwards EF (1990). Morphometric and biochemical factors affecting heat loss in cetaceans. Physiol Zool 63:432-442.; See docs/literature_review.md for full citation list."
humpback,blubber,metabolic_heat_W_m3,0,W/m3,Humpback blubber k=0.19 W/m-K based on marine mammal blubber measurements (Kvadsheim et al. 1996). Blubber acts as insulation with minimal blood flow.,"Kvadsheim PH, Folkow LP, Blix AS (1996). Thermal conductivity of minke whale blubber. J Therm Biol 21:123-128.; Parry DA (1949). The structure of whale blubber. Q J Microsc Sci 90:13-25.; Worthy GAJ, Edwards EF (1990). Morphometric and biochemical factors affecting heat loss in cetaceans. Physiol Zool 63:432-442.; See docs/literature_review.md for full citation list."
humpback,muscle,thermal_conductivity_W_mK,0.51,W/(m-K),Skeletal muscle with resting perfusion ~0.5 kg/(m3-s). Species config perfusion_scale accounts for CCHE reduction.,"Kvadsheim PH, Folkow LP, Blix AS (1996). Thermal conductivity of minke whale blubber. J Therm Biol 21:123-128.; Parry DA (1949). The structure of whale blubber. Q J Microsc Sci 90:13-25.; Worthy GAJ, Edwards EF (1990). Morphometric and biochemical factors affecting heat loss in cetaceans. Physiol Zool 63:432-442.; See docs/literature_review.md for full citation list."
humpback,muscle,density_kg_m3,1050,kg/m3,Skeletal muscle with resting perfusion ~0.5 kg/(m3-s). Species config perfusion_scale accounts for CCHE reduction.,"Kvadsheim PH, Folkow LP, Blix AS (1996). Thermal conductivity of minke whale blubber. J Therm Biol 21:123-128.; Parry DA (1949). The structure of whale blubber. Q J Microsc Sci 90:13-25.; Worthy GAJ, Edwards EF (1990). Morphometric and biochemical factors affecting heat loss in cetaceans. Physiol Zool 63:432-442.; See docs/literature_review.md for full citation list."
humpback,muscle,specific_heat_J_kgK,3600,J/(kg-K),Skeletal muscle with resting perfusion ~0.5 kg/(m3-s). Species config perfusion_scale accounts for CCHE reduction.,"Kvadsheim PH, Folkow LP, Blix AS (1996). Thermal conductivity of minke whale blubber. J Therm Biol 21:123-128.; Parry DA (1949). The structure of whale blubber. Q J Microsc Sci 90:13-25.; Worthy GAJ, Edwards EF (1990). Morphometric and biochemical factors affecting heat loss in cetaceans. Physiol Zool 63:432-442.; See docs/literature_review.md for full citation list."
humpback,muscle,perfusion_rate_kg_m3s,0.5,kg/(m3-s),Skeletal muscle with resting perfusion ~0.5 kg/(m3-s). Species config perfusion_scale accounts for CCHE reduction.,"Kvadsheim PH, Folkow LP, Blix AS (1996). Thermal conductivity of minke whale blubber. J Therm Biol 21:123-128.; Parry DA (1949). The structure of whale blubber. Q J Microsc Sci 90:13-25.; Worthy GAJ, Edwards EF (1990). Morphometric and biochemical factors affecting heat loss in cetaceans. Physiol Zool 63:432-442.; See docs/literature_review.md for full citation list."
humpback,muscle,metabolic_heat_W_m3,700,W/m3,Skeletal muscle with resting perfusion ~0.5 kg/(m3-s). Species config perfusion_scale accounts for CCHE reduction.,"Kvadsheim PH, Folkow LP, Blix AS (1996). Thermal conductivity of minke whale blubber. J Therm Biol 21:123-128.; Parry DA (1949). The structure of whale blubber. Q J Microsc Sci 90:13-25.; Worthy GAJ, Edwards EF (1990). Morphometric and biochemical factors affecting heat loss in cetaceans. Physiol Zool 63:432-442.; See docs/literature_review.md for full citation list."
humpback,core,thermal_conductivity_W_mK,0.56,W/(m-K),Core organs with high perfusion. Arterial temperature matches species core_temperature_C.,"Kvadsheim PH, Folkow LP, Blix AS (1996). Thermal conductivity of minke whale blubber. J Therm Biol 21:123-128.; Parry DA (1949). The structure of whale blubber. Q J Microsc Sci 90:13-25.; Worthy GAJ, Edwards EF (1990). Morphometric and biochemical factors affecting heat loss in cetaceans. Physiol Zool 63:432-442.; See docs/literature_review.md for full citation list."
humpback,core,density_kg_m3,1030,kg/m3,Core organs with high perfusion. Arterial temperature matches species core_temperature_C.,"Kvadsheim PH, Folkow LP, Blix AS (1996). Thermal conductivity of minke whale blubber. J Therm Biol 21:123-128.; Parry DA (1949). The structure of whale blubber. Q J Microsc Sci 90:13-25.; Worthy GAJ, Edwards EF (1990). Morphometric and biochemical factors affecting heat loss in cetaceans. Physiol Zool 63:432-442.; See docs/literature_review.md for full citation list."
humpback,core,specific_heat_J_kgK,4000,J/(kg-K),Core organs with high perfusion. Arterial temperature matches species core_temperature_C.,"Kvadsheim PH, Folkow LP, Blix AS (1996). Thermal conductivity of minke whale blubber. J Therm Biol 21:123-128.; Parry DA (1949). The structure of whale blubber. Q J Microsc Sci 90:13-25.; Worthy GAJ, Edwards EF (1990). Morphometric and biochemical factors affecting heat loss in cetaceans. Physiol Zool 63:432-442.; See docs/literature_review.md for full citation list."
humpback,core,perfusion_rate_kg_m3s,0.8,kg/(m3-s),Core organs with high perfusion. Arterial temperature matches species core_temperature_C.,"Kvadsheim PH, Folkow LP, Blix AS (1996). Thermal conductivity of minke whale blubber. J Therm Biol 21:123-128.; Parry DA (1949). The structure of whale blubber. Q J Microsc Sci 90:13-25.; Worthy GAJ, Edwards EF (1990). Morphometric and biochemical factors affecting heat loss in cetaceans. Physiol Zool 63:432-442.; See docs/literature_review.md for full citation list."
humpback,core,metabolic_heat_W_m3,3000,W/m3,Core organs with high perfusion. Arterial temperature matches species core_temperature_C.,"Kvadsheim PH, Folkow LP, Blix AS (1996). Thermal conductivity of minke whale blubber. J Therm Biol 21:123-128.; Parry DA (1949). The structure of whale blubber. Q J Microsc Sci 90:13-25.; Worthy GAJ, Edwards EF (1990). Morphometric and biochemical factors affecting heat loss in cetaceans. Physiol Zool 63:432-442.; See docs/literature_review.md for full citation list."
humpback,core,blood_temp_C,36.8,C,Core organs with high perfusion. Arterial temperature matches species core_temperature_C.,"Kvadsheim PH, Folkow LP, Blix AS (1996). Thermal conductivity of minke whale blubber. J Therm Biol 21:123-128.; Parry DA (1949). The structure of whale blubber. Q J Microsc Sci 90:13-25.; Worthy GAJ, Edwards EF (1990). Morphometric and biochemical factors affecting heat loss in cetaceans. Physiol Zool 63:432-442.; See docs/literature_review.md for full citation list."
right_whale,blubber,thermal_conductivity_W_mK,0.2,W/(m-K),Right whale blubber k=0.20 W/m-K. Right whales have exceptionally thick blubber (15-25 cm) similar to bowhead whales. Bowhead measured at 0.23 W/m-K (North Slope Borough). Slightly lower density due to higher lipid content. Resting subcutaneous adipose perfusion ~1.0-1.3 ml/100g/min (human studies; see docs/right_whale_references.md) converted to ~0.18-0.23 kg/(m3·s); use 0.23 as proxy for blubber baseline. Species perfusion_scale models countercurrent heat exchange.,North Slope Borough. Bowhead whale energetics and temperature regulation. Blubber conductivity 0.23 W/m-K.; Parry DA (1949). The structure of whale blubber. Q J Microsc Sci 90:13-25.; Right whales have blubber up to 38 cm thick (Ohmura et al. 1969).; Muller et al. (2014). Circulation. Resting subcutaneous adipose blood flow ~1.3 ± 0.6 ml/100g/min.; Andersson et al. (2002). International Journal of Obesity. Resting adipose blood flow ~1.0 ± 0.3 ml/100g/min.; See docs/right_whale_references.md for full citation list.
right_whale,blubber,density_kg_m3,940,kg/m3,Right whale blubber k=0.20 W/m-K. Right whales have exceptionally thick blubber (15-25 cm) similar to bowhead whales. Bowhead measured at 0.23 W/m-K (North Slope Borough). Slightly lower density due to higher lipid content. Resting subcutaneous adipose perfusion ~1.0-1.3 ml/100g/min (human studies; see docs/right_whale_references.md) converted to ~0.18-0.23 kg/(m3·s); use 0.23 as proxy for blubber baseline. Species perfusion_scale models countercurrent heat exchange.,North Slope Borough. Bowhead whale energetics and temperature regulation. Blubber conductivity 0.23 W/m-K.; Parry DA (1949). The structure of whale blubber. Q J Microsc Sci 90:13-25.; Right whales have blubber up to 38 cm thick (Ohmura et al. 1969).; Muller et al. (2014). Circulation. Resting subcutaneous adipose blood flow ~1.3 ± 0.6 ml/100g/min.; Andersson et al. (2002). International Journal of Obesity. Resting adipose blood flow ~1.0 ± 0.3 ml/100g/min.; See docs/right_whale_references.md for full citation list.
right_whale,blubber,specific_heat_J_kgK,2350,J/(kg-K),Right whale blubber k=0.20 W/m-K. Right whales have exceptionally thick blubber (15-25 cm) similar to bowhead whales. Bowhead measured at 0.23 W/m-K (North Slope Borough). Slightly lower density due to higher lipid content. Resting subcutaneous adipose perfusion ~1.0-1.3 ml/100g/min (human studies; see docs/right_whale_references.md) converted to ~0.18-0.23 kg/(m3·s); use 0.23 as proxy for blubber baseline. Species perfusion_scale models countercurrent heat exchange.,North Slope Borough. Bowhead whale energetics and temperature regulation. Blubber conductivity 0.23 W/m-K.; Parry DA (1949). The structure of whale blubber. Q J Microsc Sci 90:13-25.; Right whales have blubber up to 38 cm thick (Ohmura et al. 1969).; Muller et al. (2014). Circulation. Resting subcutaneous adipose blood flow ~1.3 ± 0.6 ml/100g/min.; Andersson et al. (2002). International Journal of Obesity. Resting adipose blood flow ~1.0 ± 0.3 ml/100g/min.; See docs/right_whale_references.md for full citation list.
right_whale,blubber,perfusion_rate_kg_m3s,0.23,kg/(m3-s),Right whale blubber k=0.20 W/m-K. Right whales have exceptionally thick blubber (15-25 cm) similar to bowhead whales. Bowhead measured at 0.23 W/m-K (North Slope Borough). Slightly lower density due to higher lipid content. Resting subcutaneous adipose perfusion ~1.0-1.3 ml/100g/min (human studies; see docs/right_whale_references.md) converted to ~0.18-0.23 kg/(m3·s); use 0.23 as proxy for blubber baseline. Species perfusion_scale models countercurrent heat exchange.,North Slope Borough. Bowhead whale energetics and temperature regulation. Blubber conductivity 0.23 W/m-K.; Parry DA (1949). The structure of whale blubber. Q J Microsc Sci 90:13-25.; Right whales have blubber up to 38 cm thick (Ohmura et al. 1969).; Muller et al. (2014). Circulation. Resting subcutaneous adipose blood flow ~1.3 ± 0.6 ml/100g/min.; Andersson et al. (2002). International Journal of Obesity. Resting adipose blood flow ~1.0 ± 0.3 ml/100g/min.; See docs/right_whale_references.md for full citation list.
right_whale,blubber,metabolic_heat_W_m3,0,W/m3,Right whale blubber k=0.20 W/m-K. Right whales have exceptionally thick blubber (15-25 cm) similar to bowhead whales. Bowhead measured at 0.23 W/m-K (North Slope Borough). Slightly lower density due to higher lipid content. Resting subcutaneous adipose perfusion ~1.0-1.3 ml/100g/min (human studies; see docs/right_whale_references.md) converted to ~0.18-0.23 kg/(m3·s); use 0.23 as proxy for blubber baseline. Species perfusion_scale models countercurrent heat exchange.,North Slope Borough. Bowhead whale energetics and temperature regulation. Blubber conductivity 0.23 W/m-K.; Parry DA (1949). The structure of whale blubber. Q J Microsc Sci 90:13-25.; Right whales have blubber up to 38 cm thick (Ohmura et al. 1969).; Muller et al. (2014). Circulation. Resting subcutaneous adipose blood flow ~1.3 ± 0.6 ml/100g/min.; Andersson et al. (2002). International Journal of Obesity. Resting adipose blood flow ~1.0 ± 0.3 ml/100g/min.; See docs/right_whale_references.md for full citation list.
right_whale,muscle,thermal_conductivity_W_mK,0.51,W/(m-K),Skeletal muscle. Slightly higher metabolic heat for cold-adapted species.,North Slope Borough. Bowhead whale energetics and temperature regulation. Blubber conductivity 0.23 W/m-K.; Parry DA (1949). The structure of whale blubber. Q J Microsc Sci 90:13-25.; Right whales have blubber up to 38 cm thick (Ohmura et al. 1969).; Muller et al. (2014). Circulation. Resting subcutaneous adipose blood flow ~1.3 ± 0.6 ml/100g/min.; Andersson et al. (2002). International Journal of Obesity. Resting adipose blood flow ~1.0 ± 0.3 ml/100g/min.; See docs/right_whale_references.md for full citation list.
right_whale,muscle,density_kg_m3,1050,kg/m3,Skeletal muscle. Slightly higher metabolic heat for cold-adapted species.,North Slope Borough. Bowhead whale energetics and temperature regulation. Blubber conductivity 0.23 W/m-K.; Parry DA (1949). The structure of whale blubber. Q J Microsc Sci 90:13-25.; Right whales have blubber up to 38 cm thick (Ohmura et al. 1969).; Muller et al. (2014). Circulation. Resting subcutaneous adipose blood flow ~1.3 ± 0.6 ml/100g/min.; Andersson et al. (2002). International Journal of Obesity. Resting adipose blood flow ~1.0 ± 0.3 ml/100g/min.; See docs/right_whale_references.md for full citation list.
right_whale,muscle,specific_heat_J_kgK,3600,J/(kg-K),Skeletal muscle. Slightly higher metabolic heat for cold-adapted species.,North Slope Borough. Bowhead whale energetics and temperature regulation. Blubber conductivity 0.23 W/m-K.; Parry DA (1949). The structure of whale blubber. Q J Microsc Sci 90:13-25.; Right whales have blubber up to 38 cm thick (Ohmura et al. 1969).; Muller et al. (2014). Circulation. Resting subcutaneous adipose blood flow ~1.3 ± 0.6 ml/100g/min.; Andersson et al. (2002). International Journal of Obesity. Resting adipose blood flow ~1.0 ± 0.3 ml/100g/min.; See docs/right_whale_references.md for full citation list.
right_whale,muscle,perfusion_rate_kg_m3s,0.5,kg/(m3-s),Skeletal muscle. Slightly higher metabolic heat for cold-adapted species.,North Slope Borough. Bowhead whale energetics and temperature regulation. Blubber conductivity 0.23 W/m-K.; Parry DA (1949). The structure of whale blubber. Q J Microsc Sci 90:13-25.; Right whales have blubber up to 38 cm thick (Ohmura et al. 1969).; Muller et al. (2014). Circulation. Resting subcutaneous adipose blood flow ~1.3 ± 0.6 ml/100g/min.; Andersson et al. (2002). International Journal of Obesity. Resting adipose blood flow ~1.0 ± 0.3 ml/100g/min.; See docs/right_whale_references.md for full citation list.
right_whale,muscle,metabolic_heat_W_m3,750,W/m3,Skeletal muscle. Slightly higher metabolic heat for cold-adapted species.,North Slope Borough. Bowhead whale energetics and temperature regulation. Blubber conductivity 0.23 W/m-K.; Parry DA (1949). The structure of whale blubber. Q J Microsc Sci 90:13-25.; Right whales have blubber up to 38 cm thick (Ohmura et al. 1969).; Muller et al. (2014). Circulation. Resting subcutaneous adipose blood flow ~1.3 ± 0.6 ml/100g/min.; Andersson et al. (2002). International Journal of Obesity. Resting adipose blood flow ~1.0 ± 0.3 ml/100g/min.; See docs/right_whale_references.md for full citation list.
right_whale,core,thermal_conductivity_W_mK,0.56,W/(m-K),Core organs. Right whales have slightly lower core temp than other mysticetes. Higher metabolic heat for cold water adaptation.,North Slope Borough. Bowhead whale energetics and temperature regulation. Blubber conductivity 0.23 W/m-K.; Parry DA (1949). The structure of whale blubber. Q J Microsc Sci 90:13-25.; Right whales have blubber up to 38 cm thick (Ohmura et al. 1969).; Muller et al. (2014). Circulation. Resting subcutaneous adipose blood flow ~1.3 ± 0.6 ml/100g/min.; Andersson et al. (2002). International Journal of Obesity. Resting adipose blood flow ~1.0 ± 0.3 ml/100g/min.; See docs/right_whale_references.md for full citation list.
right_whale,core,density_kg_m3,1030,kg/m3,Core organs. Right whales have slightly lower core temp than other mysticetes. Higher metabolic heat for cold water adaptation.,North Slope Borough. Bowhead whale energetics and temperature regulation. Blubber conductivity 0.23 W/m-K.; Parry DA (1949). The structure of whale blubber. Q J Microsc Sci 90:13-25.; Right whales have blubber up to 38 cm thick (Ohmura et al. 1969).; Muller et al. (2014). Circulation. Resting subcutaneous adipose blood flow ~1.3 ± 0.6 ml/100g/min.; Andersson et al. (2002). International Journal of Obesity. Resting adipose blood flow ~1.0 ± 0.3 ml/100g/min.; See docs/right_whale_references.md for full citation list.
right_whale,core,specific_heat_J_kgK,4000,J/(kg-K),Core organs. Right whales have slightly lower core temp than other mysticetes. Higher metabolic heat for cold water adaptation.,North Slope Borough. Bowhead whale energetics and temperature regulation. Blubber conductivity 0.23 W/m-K.; Parry DA (1949). The structure of whale blubber. Q J Microsc Sci 90:13-25.; Right whales have blubber up to 38 cm thick (Ohmura et al. 1969).; Muller et al. (2014). Circulation. Resting subcutaneous adipose blood flow ~1.3 ± 0.6 ml/100g/min.; Andersson et al. (2002). International Journal of Obesity. Resting adipose blood flow ~1.0 ± 0.3 ml/100g/min.; See docs/right_whale_references.md for full citation list.
right_whale,core,perfusion_rate_kg_m3s,0.8,kg/(m3-s),Core organs. Right whales have slightly lower core temp than other mysticetes. Higher metabolic heat for cold water adaptation.,North Slope Borough. Bowhead whale energetics and temperature regulation. Blubber conductivity 0.23 W/m-K.; Parry DA (1949). The structure of whale blubber. Q J Microsc Sci 90:13-25.; Right whales have blubber up to 38 cm thick (Ohmura et al. 1969).; Muller et al. (2014). Circulation. Resting subcutaneous adipose blood flow ~1.3 ± 0.6 ml/100g/min.; Andersson et al. (2002). International Journal of Obesity. Resting adipose blood flow ~1.0 ± 0.3 ml/100g/min.; See docs/right_whale_references.md for full citation list.
right_whale,core,metabolic_heat_W_m3,3200,W/m3,Core organs. Right whales have slightly lower core temp than other mysticetes. Higher metabolic heat for cold water adaptation.,North Slope Borough. Bowhead whale energetics and temperature regulation. Blubber conductivity 0.23 W/m-K.; Parry DA (1949). The structure of whale blubber. Q J Microsc Sci 90:13-25.; Right whales have blubber up to 38 cm thick (Ohmura et al. 1969).; Muller et al. (2014). Circulation. Resting subcutaneous adipose blood flow ~1.3 ± 0.6 ml/100g/min.; Andersson et al. (2002). International Journal of Obesity. Resting adipose blood flow ~1.0 ± 0.3 ml/100g/min.; See docs/right_whale_references.md for full citation list.
right_whale,core,blood_temp_C,36.6,C,Core organs. Right whales have slightly lower core temp than other mysticetes. Higher metabolic heat for cold water adaptation.,North Slope Borough. Bowhead whale energetics and temperature regulation. Blubber conductivity 0.23 W/m-K.; Parry DA (1949). The structure of whale blubber. Q J Microsc Sci 90:13-25.; Right whales have blubber up to 38 cm thick (Ohmura et al. 1969).; Muller et al. (2014). Circulation. Resting subcutaneous adipose blood flow ~1.3 ± 0.6 ml/100g/min.; Andersson et al. (2002). International Journal of Obesity. Resting adipose blood flow ~1.0 ± 0.3 ml/100g/min.; See docs/right_whale_references.md for full citation list.
